Id,Label,timeset,Degree,Weighted Degree,Eccentricity,closnesscentrality,harmonicclosnesscentrality,betweenesscentrality,modularity_class,pageranks,clustering,triangles,eigencentrality,componentnumber
Indie,Indie,,262,30977,2,0.816425,0.887574,13878.511313,1,0.166612,0.080957,2768,1,0
Action,Action,,220,19968,3,0.739606,0.824951,8318.597583,1,0.109784,0.100291,2416,0.907028,0
Casual,Casual,,170,15378,2,0.667984,0.751479,3674.484782,1,0.078828,0.143195,2057,0.809113,0
Adventure,Adventure,,189,15169,2,0.694045,0.779586,5180.851061,1,0.079351,0.125127,2223,0.851144,0
Strategy,Strategy,,160,7989,2,0.655039,0.736686,3863.857113,0,0.047571,0.140959,1793,0.749983,0
Simulation,Simulation,,165,6209,2,0.661448,0.744083,3839.25245,0,0.037651,0.140946,1907,0.775004,0
Early Access,Early Access,,138,5867,2,0.628253,0.704142,2542.575487,0,0.031945,0.17349,1640,0.701784,0
RPG,RPG,,149,5448,2,0.641366,0.720414,3777.763527,0,0.033157,0.162706,1794,0.737261,0
Free to Play,Free to Play,,125,3295,2,0.61343,0.684911,1277.028746,0,0.018361,0.212516,1647,0.698252,0
Puzzle,Puzzle,,95,2179,3,0.580756,0.640039,753.298781,1,0.012198,0.265622,1186,0.581092,0
VR,VR,,84,1740,2,0.570946,0.62426,905.687575,0,0.010476,0.288583,1006,0.529728,0
Sports,Sports,,72,1480,3,0.556837,0.60503,1114.252309,0,0.011348,0.24687,631,0.417339,0
Racing,Racing,,66,1435,3,0.551387,0.596154,562.493638,0,0.009418,0.311422,668,0.428084,0
Platformer,Platformer,,70,1276,3,0.555008,0.602071,443.116577,1,0.007667,0.290269,701,0.436095,0
Nudity,Nudity,,34,1134,2,0.52648,0.550296,44.853812,2,0.005976,0.611408,343,0.302227,0
Sexual Content,Sexual Content,,40,1111,3,0.529781,0.558185,61.480877,2,0.005939,0.535897,418,0.334315,0
Visual Novel,Visual Novel,,40,1078,3,0.52648,0.556213,65.626221,0,0.006188,0.491026,383,0.316788,0
Violent,Violent,,43,1074,3,0.532283,0.562623,97.770709,1,0.005659,0.503876,455,0.352943,0
Anime,Anime,,69,1070,3,0.555921,0.601578,464.167702,0,0.006771,0.326939,767,0.455559,0
Horror,Horror,,64,967,3,0.548701,0.592702,236.527098,1,0.00574,0.409226,825,0.46925,0
Point & Click,Point & Click,,46,948,3,0.529781,0.564103,101.969155,1,0.005472,0.414493,429,0.335524,0
Gore,Gore,,39,951,3,0.528951,0.556706,28.701404,1,0.004977,0.635628,471,0.358367,0
Hidden Object,Hidden Object,,12,869,3,0.487734,0.503452,0.787255,1,0.004305,0.848485,56,0.133195,0
Multiplayer,Multiplayer,,99,807,2,0.585789,0.64645,867.853617,0,0.005843,0.237271,1151,0.566577,0
FPS,FPS,,74,797,3,0.558678,0.607988,661.484016,0,0.006015,0.288782,780,0.46682,0
Massively Multiplayer,Massively Multiplayer,,44,749,3,0.533965,0.564596,81.692681,0,0.004338,0.505285,478,0.362947,0
Pixel Graphics,Pixel Graphics,,54,495,3,0.539936,0.577909,148.946248,1,0.003142,0.410203,587,0.404397,0
Shoot 'Em Up,Shoot 'Em Up,,30,482,3,0.509036,0.535503,25.338539,1,0.002886,0.510345,222,0.236994,0
Open World,Open World,,74,486,3,0.558678,0.607988,540.006564,0,0.004223,0.268419,725,0.4466,0
Survival,Survival,,53,470,3,0.538217,0.575937,78.15924,0,0.003333,0.462264,637,0.415349,0
Space,Space,,43,445,3,0.529781,0.561144,80.32498,0,0.003028,0.472868,427,0.340951,0
Arcade,Arcade,,45,400,3,0.521605,0.558185,151.295787,1,0.002916,0.342424,339,0.283034,0
Female Protagonist,Female Protagonist,,57,398,3,0.542536,0.582347,171.105196,1,0.002774,0.394737,630,0.408135,0
RPGMaker,RPGMaker,,32,348,3,0.522411,0.545858,52.293064,0,0.00232,0.568548,282,0.281235,0
RTS,RTS,,39,339,3,0.524031,0.553748,169.593936,0,0.0029,0.364372,270,0.265515,0
Turn-Based,Turn-Based,,47,340,3,0.533123,0.567061,141.557476,0,0.002735,0.420907,455,0.346821,0
Classic,Classic,,51,338,3,0.536508,0.572978,228.122234,0,0.002614,0.360784,460,0.359496,0
Tower Defense,Tower Defense,,31,329,3,0.52,0.543393,29.663527,0,0.002131,0.612903,285,0.289739,0
Card Game,Card Game,,36,313,3,0.52322,0.550296,74.144124,0,0.002248,0.468254,295,0.288299,0
2D,2D,,41,324,3,0.527301,0.557692,53.101718,1,0.002164,0.514634,422,0.341015,0
Singleplayer,Singleplayer,,66,319,2,0.554098,0.597633,264.051103,0,0.002442,0.328205,704,0.449148,0
Story Rich,Story Rich,,67,317,3,0.551387,0.59714,540.953978,0,0.003048,0.322479,713,0.437488,0
Zombies,Zombies,,37,311,3,0.525661,0.552761,63.015331,0,0.002269,0.551051,367,0.324984,0
Sci-fi,Sci-fi,,49,312,3,0.535658,0.570513,78.547905,0,0.002269,0.462585,544,0.38714,0
Utilities,Utilities,,37,225,3,0.520801,0.549803,558.651058,0,0.004637,0.34985,233,0.228178,0
World War II,World War II,,28,255,3,0.513678,0.536489,50.766842,0,0.002094,0.55291,209,0.23794,0
Great Soundtrack,Great Soundtrack,,56,250,3,0.541667,0.580868,156.033546,1,0.002094,0.403247,621,0.402126,0
Co-op,Co-op,,50,240,3,0.538217,0.572978,109.492262,1,0.00199,0.436735,535,0.381569,0
Match 3,Match 3,,16,212,3,0.505232,0.519231,12.773224,1,0.001481,0.766667,92,0.175979,0
Fighting,Fighting,,30,233,3,0.518405,0.54142,107.58493,0,0.002048,0.487356,212,0.239332,0
Management,Management,,27,226,3,0.51446,0.535996,51.973975,0,0.001785,0.498575,175,0.219051,0
Fantasy,Fantasy,,45,230,3,0.532283,0.564596,213.888889,0,0.002145,0.420202,416,0.346308,0
Retro,Retro,,42,225,3,0.528125,0.559172,130.478975,1,0.001885,0.480836,414,0.335899,0
Music,Music,,27,209,3,0.51682,0.537475,78.856308,1,0.001884,0.586895,206,0.243824,0
Board Game,Board Game,,33,203,3,0.51682,0.543393,33.932511,0,0.001579,0.503788,266,0.262823,0
Rogue-like,Rogue-like,,33,207,3,0.52,0.545365,39.506267,0,0.001637,0.524621,277,0.279129,0
Turn-Based Strategy,Turn-Based Strategy,,31,204,3,0.512121,0.538462,37.216624,0,0.001699,0.464516,216,0.229411,0
Shooter,Shooter,,33,202,3,0.519201,0.544872,185.950428,0,0.001814,0.479167,253,0.269374,0
Bullet Hell,Bullet Hell,,23,191,3,0.505232,0.526134,13.244728,1,0.001428,0.581028,147,0.19232,0
Sandbox,Sandbox,,32,187,3,0.522411,0.545858,41.104658,0,0.001606,0.580645,288,0.285661,0
JRPG,JRPG,,24,186,3,0.509036,0.529586,44.222949,0,0.001683,0.59058,163,0.203171,0
Stealth,Stealth,,43,186,3,0.528951,0.560651,112.275113,1,0.001751,0.442968,400,0.332858,0
First-Person,First-Person,,36,182,3,0.524845,0.551282,33.961803,1,0.001492,0.596825,376,0.326401,0
Comedy,Comedy,,41,178,3,0.529781,0.559172,98.495498,1,0.001644,0.490244,402,0.335281,0
Family Friendly,Family Friendly,,19,166,3,0.501484,0.519724,9.096976,1,0.001318,0.608187,104,0.176001,0
Atmospheric,Atmospheric,,42,170,3,0.531447,0.561144,156.067934,1,0.001771,0.481998,415,0.333059,0
Difficult,Difficult,,29,168,3,0.516031,0.538955,51.172938,1,0.001578,0.509852,207,0.23975,0
Education,Education,,29,153,3,0.519201,0.540927,90.523237,0,0.001654,0.497537,202,0.23161,0
Hack and Slash,Hack and Slash,,26,166,3,0.512898,0.534024,87.834805,0,0.001815,0.483077,157,0.212584,0
Local Multiplayer,Local Multiplayer,,21,159,3,0.502976,0.522682,10.17706,1,0.001312,0.647619,136,0.184229,0
Design & Illustration,Design & Illustration,,22,146,3,0.505988,0.525641,132.801586,0,0.002921,0.536797,124,0.167944,0
Memes,Memes,,43,154,3,0.531447,0.56213,257.364431,0,0.00169,0.451827,408,0.329611,0
Psychological Horror,Psychological Horror,,39,150,3,0.52648,0.555227,45.881792,1,0.001366,0.535762,397,0.327985,0
City Builder,City Builder,,21,141,3,0.5,0.52071,29.986264,0,0.001306,0.633333,133,0.180054,0
Historical,Historical,,31,133,3,0.519201,0.542899,68.684118,0,0.001435,0.498925,232,0.245342,0
Mystery,Mystery,,16,132,3,0.497059,0.513807,1.797105,1,0.0011,0.775,93,0.162556,0
Flight,Flight,,22,120,3,0.507508,0.526627,16.051491,0,0.001157,0.619048,143,0.211648,0
Clicker,Clicker,,20,126,3,0.510574,0.526627,21.17061,0,0.001175,0.652632,124,0.203826,0
Building,Building,,28,122,3,0.51446,0.536982,31.425445,0,0.001222,0.558201,211,0.240622,0
Driving,Driving,,20,114,3,0.503726,0.522189,25.738184,0,0.001218,0.557895,106,0.17208,0
Cyberpunk,Cyberpunk,,32,116,3,0.520801,0.544872,21.779282,0,0.001105,0.614919,305,0.296296,0
Puzzle-Platformer,Puzzle-Platformer,,21,115,3,0.506747,0.525148,37.169509,1,0.001255,0.642857,135,0.201386,0
Metroidvania,Metroidvania,,17,112,3,0.501484,0.517751,2.629363,1,0.001035,0.772059,105,0.174661,0
Local Co-Op,Local Co-Op,,29,112,3,0.515244,0.538462,45.140144,1,0.001154,0.492611,200,0.227473,0
Funny,Funny,,36,110,3,0.524845,0.551282,207.124094,0,0.001318,0.52381,330,0.300841,0
Walking Simulator,Walking Simulator,,20,108,3,0.496329,0.517258,29.591376,1,0.001289,0.578947,110,0.17131,0
Exploration,Exploration,,25,110,3,0.503726,0.52712,62.197379,1,0.001207,0.553333,166,0.209761,0
Animation & Modeling,Animation & Modeling,,18,99,3,0.487032,0.508876,113.93617,0,0.002222,0.503268,77,0.113783,0
Physics,Physics,,23,104,3,0.512898,0.531065,16.63519,0,0.001048,0.616601,156,0.222044,0
Tactical,Tactical,,28,102,3,0.51682,0.538462,46.853873,0,0.001135,0.489418,185,0.220668,0
Medieval,Medieval,,25,100,3,0.512121,0.532544,33.459557,0,0.001093,0.543333,163,0.214062,0
Survival Horror,Survival Horror,,20,102,3,0.505232,0.523176,42.694763,1,0.001187,0.689474,131,0.194026,0
Rhythm,Rhythm,,17,94,3,0.506747,0.521203,0.945023,1,0.000951,0.882353,120,0.201937,0
Beat 'em up,Beat 'em up,,18,94,3,0.5,0.517751,3.943322,1,0.000935,0.666667,102,0.169247,0
Relaxing,Relaxing,,20,92,3,0.505232,0.523176,16.79858,1,0.000963,0.542105,103,0.172319,0
Dungeon Crawler,Dungeon Crawler,,23,90,3,0.512121,0.530572,43.010901,0,0.001073,0.612648,155,0.211402,0
Twin Stick Shooter,Twin Stick Shooter,,15,87,3,0.485632,0.504931,5.980634,1,0.000914,0.552381,58,0.111256,0
4 Player Local,4 Player Local,,11,88,3,0.493431,0.50641,0.404509,1,0.000878,0.909091,50,0.132539,0
Third-Person Shooter,Third-Person Shooter,,23,84,3,0.497791,0.521203,18.722559,1,0.000993,0.482213,122,0.178668,0
Detective,Detective,,19,84,3,0.505988,0.522682,7.025032,1,0.000949,0.707602,121,0.184558,0
3D Platformer,3D Platformer,,18,80,3,0.495601,0.514793,47.14343,1,0.001074,0.614379,94,0.157273,0
2D Fighter,2D Fighter,,9,82,3,0.484241,0.498028,0.217134,0,0.000943,0.944444,34,0.098144,0
Post-apocalyptic,Post-apocalyptic,,26,80,3,0.515244,0.535503,69.988318,0,0.001099,0.467692,152,0.216019,0
Cute,Cute,,25,79,3,0.511346,0.532051,14.802754,1,0.000859,0.593333,178,0.227634,0
Naval,Naval,,14,69,3,0.502976,0.515779,5.958103,0,0.000851,0.758242,69,0.157241,0
Otome,Otome,,10,78,3,0.486331,0.500493,0.076923,0,0.000838,0.977778,44,0.117008,0
4X,4X,,12,73,3,0.491279,0.505917,0.59953,0,0.000842,0.863636,57,0.120952,0
Trains,Trains,,15,65,3,0.491994,0.509369,10.558096,0,0.000822,0.685714,72,0.146761,0
Mature,Mature,,9,74,3,0.475387,0.491617,0.451042,2,0.0008,0.861111,31,0.090753,0
Mechs,Mechs,,26,72,3,0.513678,0.534517,11.412384,0,0.000856,0.64,208,0.240301,0
Dinosaurs,Dinosaurs,,17,66,3,0.505232,0.520217,11.249705,0,0.000806,0.720588,98,0.188935,0
FMV,FMV,,17,62,3,0.499261,0.516272,17.031575,1,0.000869,0.573529,78,0.148702,0
Grand Strategy,Grand Strategy,,13,66,3,0.491994,0.507396,18.525304,0,0.000947,0.589744,46,0.108961,0
Time Management,Time Management,,11,55,3,0.486331,0.501479,15.903395,0,0.00076,0.618182,34,0.113287,0
Dating Sim,Dating Sim,,21,65,3,0.506747,0.525148,17.928324,0,0.000879,0.633333,133,0.188539,0
Choices Matter,Choices Matter,,22,64,3,0.505988,0.525641,42.209978,0,0.001034,0.489177,113,0.171684,0
Video Production,Video Production,,15,53,3,0.446499,0.474852,33.243137,0,0.00127,0.580952,61,0.091419,0
Pirates,Pirates,,16,59,3,0.506747,0.520217,5.397636,0,0.000792,0.858333,103,0.194049,0
MMORPG,MMORPG,,9,61,3,0.476056,0.49211,0.333758,0,0.000755,0.833333,30,0.100421,0
Minimalist,Minimalist,,13,62,3,0.501484,0.513807,3.32493,1,0.000749,0.794872,62,0.15988,0
Warhammer 40K,Warhammer 40K,,15,58,3,0.489146,0.507396,11.894124,0,0.000933,0.514286,54,0.124817,0
Choose Your Own Adventure,Choose Your Own Adventure,,14,58,3,0.487734,0.505424,4.210374,0,0.000793,0.637363,58,0.130672,0
Star Wars,Star Wars,,19,56,3,0.5,0.518738,16.201714,0,0.00081,0.614035,105,0.174809,0
Top-Down Shooter,Top-Down Shooter,,9,52,3,0.491994,0.503452,1.488645,1,0.000703,0.75,27,0.106028,0
Base-Building,Base-Building,,15,52,3,0.500741,0.515286,21.096429,0,0.00081,0.695238,73,0.151544,0
Lovecraftian,Lovecraftian,,21,51,3,0.509804,0.52712,9.254946,0,0.000727,0.633333,133,0.204436,0
Programming,Programming,,11,50,3,0.497059,0.508876,0.930203,1,0.000699,0.872727,48,0.132029,0
Third Person,Third Person,,16,50,3,0.5,0.515779,11.013622,1,0.000799,0.575,69,0.145562,0
War,War,,21,50,3,0.509804,0.52712,15.373709,0,0.000777,0.614286,129,0.189324,0
VR Only,VR Only,,10,48,3,0.496329,0.507396,6.322156,0,0.000734,0.844444,38,0.127905,0
Steampunk,Steampunk,,22,48,3,0.508271,0.52712,43.96532,0,0.000906,0.536797,124,0.19203,0
Agriculture,Agriculture,,10,40,3,0.486331,0.500493,1.015469,0,0.000653,0.844444,38,0.119622,0
Battle Royale,Battle Royale,,10,48,3,0.489855,0.502959,0.208102,0,0.000689,0.933333,42,0.119508,0
Western,Western,,14,45,3,0.504478,0.516765,2.169018,0,0.000695,0.802198,73,0.167811,0
World War I,World War I,,16,46,3,0.501484,0.516765,2.954949,0,0.000715,0.741667,89,0.164919,0
Parkour,Parkour,,14,46,3,0.497059,0.511834,5.953433,1,0.000722,0.714286,65,0.142664,0
Game Development,Game Development,,11,46,3,0.430025,0.456607,16.598222,0,0.001387,0.618182,34,0.056192,0
Crafting,Crafting,,18,46,3,0.507508,0.522682,0.761704,0,0.000709,0.921569,141,0.213687,0
Text-Based,Text-Based,,10,46,3,0.492711,0.504931,3.075318,0,0.000703,0.777778,35,0.113633,0
Superhero,Superhero,,17,44,3,0.506747,0.521203,17.440322,0,0.000741,0.632353,86,0.170231,0
Top-Down,Top-Down,,15,44,3,0.496329,0.512327,4.137759,1,0.000668,0.685714,72,0.149441,0
LEGO,LEGO,,12,44,3,0.46049,0.483235,5.582661,0,0.000802,0.5,33,0.081496,0
Robots,Robots,,19,43,3,0.505232,0.522189,61.466547,0,0.000855,0.619883,106,0.184927,0
Turn-Based Tactics,Turn-Based Tactics,,12,44,3,0.497791,0.510355,6.495124,0,0.000754,0.712121,47,0.111544,0
Tanks,Tanks,,8,38,3,0.494152,0.503945,0,0,0.000628,1,28,0.1198,0
Destruction,Destruction,,17,42,3,0.495601,0.513807,2.992268,0,0.000694,0.75,102,0.166696,0
Turn-Based Combat,Turn-Based Combat,,14,42,3,0.497791,0.512327,3.782085,0,0.000689,0.626374,57,0.129054,0
Hacking,Hacking,,12,39,3,0.498525,0.510848,1.300912,0,0.000662,0.878788,58,0.150129,0
Action RPG,Action RPG,,8,39,3,0.464286,0.482249,0.724654,0,0.000715,0.714286,20,0.077971,0
Isometric,Isometric,,12,40,3,0.496329,0.509369,2.418302,0,0.000719,0.712121,47,0.119586,0
Audio Production,Audio Production,,11,35,3,0.484935,0.500493,3.72871,0,0.000889,0.818182,45,0.098528,0
Rogue-lite,Rogue-lite,,12,40,3,0.493431,0.507396,3.325643,1,0.000664,0.666667,44,0.118355,0
Military,Military,,9,38,3,0.472727,0.489645,0.641424,0,0.000668,0.833333,30,0.098715,0
Surreal,Surreal,,12,37,3,0.496329,0.509369,1.735139,1,0.000637,0.787879,52,0.138751,0
Realistic,Realistic,,16,38,3,0.483548,0.504438,10.480319,0,0.000735,0.5,60,0.113366,0
Fast-Paced,Fast-Paced,,9,36,3,0.486331,0.499507,3.088663,1,0.000671,0.805556,29,0.100258,0
Wargame,Wargame,,11,36,3,0.484935,0.500493,20.079697,0,0.000819,0.563636,31,0.090802,0
Vampire,Vampire,,14,34,3,0.5,0.513807,2.757879,1,0.00065,0.769231,70,0.146266,0
Offroad,Offroad,,9,33,3,0.481481,0.496055,4.316738,0,0.000665,0.75,27,0.091834,0
Economy,Economy,,9,34,3,0.440678,0.464004,0.496368,0,0.000638,0.861111,31,0.070785,0
Fishing,Fishing,,7,33,3,0.472727,0.487673,0.038868,0,0.000623,0.952381,20,0.090639,0
Short,Short,,10,32,3,0.489146,0.502465,2.976259,1,0.000708,0.755556,34,0.113078,0
Chess,Chess,,9,27,3,0.482168,0.496548,2.009681,0,0.000593,0.777778,28,0.099714,0
Software,Software,,16,31,3,0.497059,0.513807,163.653411,0,0.001028,0.458333,55,0.118786,0
Level Editor,Level Editor,,11,29,3,0.489855,0.503945,0.267923,0,0.000594,0.927273,51,0.12832,0
Pinball,Pinball,,11,29,3,0.501484,0.511834,0.367252,0,0.000586,0.945455,52,0.158967,0
Cats,Cats,,12,30,3,0.505988,0.515779,126.091678,1,0.000671,0.772727,51,0.157605,0
Character Customization,Character Customization,,13,27,3,0.486331,0.503452,33.069225,0,0.000725,0.538462,42,0.113959,0
Golf,Golf,,9,28,3,0.488439,0.500986,5.982493,0,0.000661,0.888889,32,0.116819,0
Noir,Noir,,10,28,3,0.488439,0.501972,1.261021,1,0.000592,0.755556,34,0.105153,0
Psychedelic,Psychedelic,,12,27,3,0.497791,0.510355,7.575619,1,0.000628,0.69697,46,0.130208,0
Runner,Runner,,5,28,3,0.484935,0.494576,1.080146,1,0.00059,0.8,8,0.073521,0
Football,Football,,6,28,3,0.479433,0.491617,0.644014,0,0.000624,0.933333,14,0.073013,0
Tennis,Tennis,,7,26,3,0.491279,0.500986,0.152299,0,0.000585,0.952381,20,0.098079,0
MOBA,MOBA,,8,26,3,0.478076,0.492604,0.194444,0,0.000588,0.928571,26,0.09967,0
Ninja,Ninja,,12,26,3,0.489855,0.504931,9.776895,1,0.000617,0.560606,37,0.112301,0
Underwater,Underwater,,13,26,3,0.498525,0.511834,0.766683,1,0.000579,0.846154,66,0.153589,0
Trading Card Game,Trading Card Game,,5,25,3,0.472727,0.4857,0,0,0.000579,1,10,0.06451,0
Hunting,Hunting,,9,23,3,0.488439,0.500986,0.362803,0,0.000575,0.888889,32,0.108777,0
Competitive,Competitive,,14,24,3,0.499261,0.513314,3.902568,0,0.000644,0.747253,68,0.154472,0
Crime,Crime,,13,23,3,0.5,0.512821,1.646208,0,0.00058,0.794872,62,0.14764,0
Horses,Horses,,9,24,3,0.490566,0.502465,0.35243,0,0.000562,0.916667,33,0.118372,0
Dragons,Dragons,,14,24,3,0.502976,0.515779,5.045318,0,0.000588,0.736264,67,0.151571,0
Side Scroller,Side Scroller,,8,24,3,0.481481,0.495069,0.760499,1,0.000562,0.785714,22,0.084751,0
Souls-like,Souls-like,,9,24,3,0.493431,0.504438,0.308683,1,0.000571,0.888889,32,0.111455,0
Cold War,Cold War,,11,22,3,0.472067,0.491124,5.5645,0,0.000602,0.418182,23,0.086546,0
Magic,Magic,,10,22,3,0.494152,0.505917,6.249158,0,0.000587,0.755556,34,0.124302,0
Politics,Politics,,7,22,3,0.488439,0.499014,39.915536,0,0.000783,0.714286,15,0.079179,0
Assassin,Assassin,,8,22,3,0.466851,0.484221,0.920556,1,0.000594,0.821429,23,0.078865,0
Software Training,Software Training,,9,22,3,0.430025,0.454635,2.866932,0,0.000774,0.861111,31,0.059004,0
Hex Grid,Hex Grid,,9,21,3,0.486331,0.499507,0.954332,0,0.000573,0.777778,28,0.08963,0
Baseball,Baseball,,7,21,3,0.491994,0.501479,0.157118,0,0.00056,0.952381,20,0.100446,0
God Game,God Game,,7,20,3,0.489146,0.499507,0.15679,0,0.000545,0.904762,19,0.09384,0
On-Rails Shooter,On-Rails Shooter,,11,19,3,0.461749,0.483235,2.889837,1,0.000602,0.527273,29,0.092061,0
Sokoban,Sokoban,,3,20,3,0.457995,0.472387,0,1,0.000536,1,3,0.048439,0
PvP,PvP,,11,20,3,0.489855,0.503945,12.041631,0,0.000687,0.618182,34,0.103406,0
Procedural Generation,Procedural Generation,,10,20,3,0.494152,0.505917,0.888146,0,0.000564,0.866667,39,0.113529,0
Hand-drawn,Hand-drawn,,11,20,3,0.483548,0.499507,3.229026,1,0.000569,0.709091,39,0.11566,0
Word Game,Word Game,,9,19,3,0.483548,0.497535,11.838843,1,0.000752,0.722222,26,0.095537,0
Interactive Fiction,Interactive Fiction,,7,20,3,0.474719,0.489152,0.436582,1,0.000553,0.809524,17,0.075044,0
Villain Protagonist,Villain Protagonist,,12,18,3,0.498525,0.510848,3.821198,0,0.000563,0.651515,43,0.125788,0
Dark Humor,Dark Humor,,14,18,3,0.497791,0.512327,3.732294,0,0.000601,0.67033,61,0.136644,0
Aliens,Aliens,,8,18,3,0.491994,0.502465,0.445083,1,0.000535,0.857143,24,0.103824,0
Remake,Remake,,12,18,3,0.499261,0.511341,1.837404,0,0.000547,0.772727,51,0.132764,0
Batman,Batman,,8,18,3,0.463014,0.481262,0.921068,0,0.000573,0.857143,24,0.075873,0
Basketball,Basketball,,8,18,3,0.482168,0.495562,4.088765,0,0.000627,0.75,21,0.091947,0
Motocross,Motocross,,6,18,3,0.470752,0.485207,5.397278,0,0.000779,0.733333,11,0.056032,0
Web Publishing,Web Publishing,,10,18,3,0.480114,0.496055,6.443178,0,0.000727,0.777778,35,0.07645,0
Online Co-Op,Online Co-Op,,9,18,3,0.489146,0.501479,1.048673,1,0.000546,0.888889,32,0.106343,0
Soccer,Soccer,,8,18,3,0.475387,0.490631,0.673512,0,0.000562,0.857143,24,0.084529,0
Illuminati,Illuminati,,13,18,3,0.490566,0.50641,2.144971,1,0.000564,0.74359,58,0.131108,0
Sniper,Sniper,,6,16,3,0.439532,0.460059,0.177444,0,0.000538,0.8,12,0.060154,0
Trading,Trading,,6,15,3,0.484241,0.495069,10.175129,0,0.000566,0.733333,11,0.07117,0
Space Sim,Space Sim,,8,16,3,0.472727,0.488659,0.552357,0,0.000537,0.785714,22,0.086843,0
Mythology,Mythology,,11,16,3,0.499261,0.510355,5.4862,1,0.000533,0.727273,40,0.133142,0
Photo Editing,Photo Editing,,5,14,4,0.348095,0.3607,0.111111,0,0.000701,0.9,9,0.015215,0
Wrestling,Wrestling,,5,16,3,0.466851,0.481262,0.152299,0,0.000535,0.9,9,0.061169,0
Action-Adventure,Action-Adventure,,9,16,3,0.490566,0.502465,1.860815,1,0.000546,0.805556,29,0.102002,0
Mouse only,Mouse only,,5,15,3,0.458616,0.474852,0.242857,1,0.000517,0.8,8,0.052027,0
Cult Classic,Cult Classic,,11,14,3,0.495601,0.50789,2.487734,0,0.000549,0.672727,37,0.112282,0
Mini Golf,Mini Golf,,6,13,3,0.441253,0.461538,0.111111,0,0.000542,0.933333,14,0.059775,0
Masterpiece,Masterpiece,,11,14,3,0.496329,0.508383,0.807047,0,0.000518,0.854545,47,0.139493,0
Dog,Dog,,7,14,3,0.488439,0.499014,0,0,0.000513,1,21,0.0974,0
6DOF,6DOF,,5,14,3,0.479433,0.490631,0.030303,0,0.000515,0.9,9,0.069533,0
Swordplay,Swordplay,,7,14,3,0.484935,0.496548,1.88031,0,0.000534,0.714286,15,0.080632,0
Political,Political,,8,14,3,0.491994,0.502465,0.74589,0,0.000546,0.821429,23,0.098947,0
1990's,1990's,,11,14,3,0.487734,0.502465,2.569621,0,0.000551,0.763636,42,0.118424,0
Romance,Romance,,8,14,3,0.474719,0.490138,0.224066,0,0.000522,0.892857,25,0.086937,0
Faith,Faith,,6,14,3,0.492711,0.500986,0.219032,1,0.00051,0.933333,14,0.089348,0
1980s,1980s,,10,12,3,0.484241,0.499014,1.90049,1,0.000539,0.733333,33,0.109951,0
Martial Arts,Martial Arts,,8,12,3,0.497791,0.50641,0.257012,0,0.00051,0.857143,24,0.108577,0
Replay Value,Replay Value,,5,12,3,0.480114,0.491124,0,1,0.000502,1,10,0.074913,0
Satire,Satire,,10,12,3,0.485632,0.5,44.417369,0,0.000788,0.555556,25,0.093675,0
Dark Fantasy,Dark Fantasy,,5,12,3,0.464924,0.479783,0.071429,0,0.000514,0.9,9,0.062127,0
Typing,Typing,,9,11,3,0.491994,0.503452,21.932129,4,0.000715,0.638889,23,0.098124,0
Mining,Mining,,6,10,3,0.471409,0.4857,1.272774,0,0.000519,0.533333,8,0.055926,0
Bikes,Bikes,,5,12,3,0.46238,0.477811,1.485256,0,0.000691,0.7,7,0.04711,0
Arena Shooter,Arena Shooter,,5,10,3,0.482857,0.493097,0,0,0.000498,1,10,0.073874,0
Character Action Game,Character Action Game,,3,10,3,0.473389,0.484221,0,0,0.000508,1,3,0.043461,0
Multiple Endings,Multiple Endings,,7,10,3,0.487032,0.498028,0.318001,0,0.0005,0.857143,18,0.085388,0
Resource Management,Resource Management,,6,10,3,0.423559,0.445759,1.827733,0,0.00054,0.533333,8,0.040036,0
Split Screen,Split Screen,,5,10,3,0.476728,0.488659,0,0,0.000496,1,10,0.064771,0
Bullet Time,Bullet Time,,6,10,3,0.482857,0.494083,0.514218,1,0.000505,0.8,12,0.069237,0
Mars,Mars,,6,10,3,0.451268,0.469921,0.295971,0,0.000497,0.8,12,0.067633,0
Skateboarding,Skateboarding,,5,10,3,0.488439,0.497041,0,0,0.000495,1,10,0.077327,0
Games Workshop,Games Workshop,,6,10,3,0.468793,0.483728,0.10081,0,0.000526,0.933333,14,0.064982,0
Hockey,Hockey,,5,10,3,0.431673,0.45217,0,0,0.000499,1,10,0.055698,0
Dark,Dark,,5,10,3,0.470097,0.483728,0,1,0.0005,1,10,0.064719,0
Comic Book,Comic Book,,6,10,3,0.480114,0.49211,1.288258,1,0.000562,0.733333,11,0.068611,0
Abstract,Abstract,,5,10,3,0.467497,0.481755,0.283333,1,0.000509,0.8,8,0.056326,0
Colorful,Colorful,,6,10,3,0.484241,0.495069,0.645811,1,0.000541,0.866667,13,0.080158,0
Rome,Rome,,6,8,3,0.450067,0.468935,4.167085,0,0.000575,0.6,9,0.047314,0
Submarine,Submarine,,4,8,3,0.42839,0.448225,0.092548,0,0.000489,0.833333,5,0.042813,0
Capitalism,Capitalism,,7,8,3,0.465565,0.482249,0.066667,0,0.000485,0.952381,20,0.089028,0
Benchmark,Benchmark,,3,6,4,0.347379,0.357249,0.142857,0,0.000561,0.666667,2,0.010479,0
Lara Croft,Lara Croft,,3,8,3,0.453083,0.468442,0,1,0.000479,1,3,0.047299,0
Old School,Old School,,7,8,3,0.490566,0.500493,0.808723,0,0.000495,0.761905,16,0.084324,0
Experimental,Experimental,,6,8,3,0.487734,0.497535,0.933639,1,0.000525,0.8,12,0.078854,0
"Dystopian ","Dystopian ",,7,8,3,0.488439,0.499014,1.641512,0,0.000544,0.809524,17,0.082953,0
Futuristic,Futuristic,,6,8,3,0.475387,0.488659,1.097342,0,0.000496,0.733333,11,0.064179,0
Science,Science,,5,8,3,0.478076,0.489645,0,0,0.000489,1,10,0.069743,0
BMX,BMX,,3,8,3,0.457995,0.472387,0,0,0.000618,1,3,0.030163,0
Drama,Drama,,5,8,3,0.478754,0.490138,0,1,0.000483,1,10,0.070525,0
Time Manipulation,Time Manipulation,,5,6,3,0.478076,0.489645,0.035714,0,0.000476,0.9,9,0.065892,0
Party-Based RPG,Party-Based RPG,,4,6,3,0.403823,0.424556,0.033333,0,0.000481,0.833333,5,0.037647,0
Time Travel,Time Travel,,5,6,3,0.482857,0.493097,1.194168,0,0.000515,0.8,8,0.065155,0
Real-Time with Pause,Real-Time with Pause,,5,6,3,0.423029,0.44428,0.838305,0,0.000485,0.7,7,0.044616,0
Lemmings,Lemmings,,3,6,3,0.476728,0.486686,0,0,0.000471,1,3,0.053007,0
Documentary,Documentary,,5,6,3,0.475387,0.487673,8.048514,3,0.000701,0.7,7,0.057192,0
Team-Based,Team-Based,,5,6,3,0.438392,0.458087,0.504652,0,0.00051,0.7,7,0.045292,0
Narration,Narration,,4,6,3,0.466851,0.480276,0,1,0.000474,1,6,0.053224,0
Touch-Friendly,Touch-Friendly,,3,6,3,0.477401,0.487179,0,1,0.00047,1,3,0.055444,0
Motorbike,Motorbike,,3,6,3,0.453691,0.468935,0,0,0.000569,1,3,0.030464,0
Pool,Pool,,3,6,3,0.444737,0.461538,0,0,0.000477,1,3,0.041324,0
Werewolves,Werewolves,,4,6,3,0.478754,0.489152,0,1,0.000471,1,6,0.065093,0
Snow,Snow,,4,5,3,0.461119,0.475838,0,0,0.000582,1,6,0.043675,0
Quick-Time Events,Quick-Time Events,,6,6,3,0.455526,0.473373,3.547165,0,0.000541,0.666667,10,0.05538,0
Demons,Demons,,6,6,3,0.492711,0.500986,0,0,0.000474,1,15,0.093279,0
Gambling,Gambling,,4,5,3,0.464286,0.478304,0.294167,0,0.000492,0.833333,5,0.047316,0
Spelling,Spelling,,4,6,3,0.431673,0.451183,0.560794,4,0.00063,0.833333,5,0.035291,0
Grid-Based Movement,Grid-Based Movement,,3,6,3,0.419355,0.438856,0,0,0.000483,1,3,0.033202,0
Controller,Controller,,4,6,3,0.479433,0.489645,0.813835,0,0.00052,0.666667,4,0.046395,0
Loot,Loot,,4,6,3,0.488439,0.496055,0,0,0.000471,1,6,0.068073,0
3D,3D,,5,6,3,0.374723,0.393491,2.702342,0,0.000545,0.4,4,0.021775,0
Cartoony,Cartoony,,4,6,3,0.478754,0.489152,0,1,0.000472,1,6,0.063944,0
360 Video,360 Video,,2,6,3,0.369399,0.384122,0,0,0.000511,1,1,0.01524,0
Real-Time,Real-Time,,3,6,3,0.468144,0.480276,0,0,0.000473,1,3,0.047094,0
Philisophical,Philisophical,,6,6,3,0.481481,0.493097,0,0,0.00047,1,15,0.082744,0
Beautiful,Beautiful,,6,6,3,0.465565,0.481262,0.255439,0,0.00049,0.866667,13,0.065531,0
Bowling,Bowling,,4,4,3,0.452477,0.468935,0,0,0.000465,1,6,0.05021,0
Gothic,Gothic,,2,4,3,0.403823,0.422584,0,0,0.000468,1,1,0.023772,0
Tactical RPG,Tactical RPG,,2,4,3,0.420922,0.439349,0,0,0.000463,1,1,0.029996,0
Cycling,Cycling,,2,4,3,0.40479,0.42357,0,0,0.000466,1,1,0.024088,0
Cartoon,Cartoon,,4,4,3,0.452477,0.468935,0,1,0.000465,1,6,0.049316,0
Voice Control,Voice Control,,3,3,3,0.391657,0.41075,0,0,0.000482,1,3,0.022568,0
America,America,,4,4,3,0.448871,0.465976,0.878745,0,0.000477,0.666667,4,0.04368,0
Linear,Linear,,4,4,3,0.421973,0.442308,0.137572,0,0.000467,0.833333,5,0.041041,0
Heist,Heist,,3,4,3,0.463014,0.476331,0,0,0.000462,1,3,0.049353,0
CRPG,CRPG,,3,4,3,0.432778,0.451183,0,0,0.000463,1,3,0.041133,0
Alternate History,Alternate History,,4,4,3,0.476056,0.487179,0,0,0.000473,1,6,0.056595,0
Class-Based,Class-Based,,3,4,3,0.464924,0.477811,0,0,0.000465,1,3,0.039559,0
Supernatural,Supernatural,,4,4,3,0.426768,0.446746,0.099537,0,0.000474,0.833333,5,0.041196,0
Strategy RPG,Strategy RPG,,2,4,3,0.396249,0.414694,0,0,0.000464,1,1,0.023897,0
Psychological,Psychological,,4,4,4,0.373481,0.391272,0.076065,1,0.000474,0.833333,5,0.028824,0
Score Attack,Score Attack,,3,4,3,0.457375,0.471893,0,1,0.000462,1,3,0.042661,0
e-sports,e-sports,,3,4,3,0.466851,0.47929,0,0,0.000465,1,3,0.043137,0
Snowboarding,Snowboarding,,4,4,3,0.461119,0.475838,0,0,0.000558,1,6,0.043675,0
Real Time Tactics,Real Time Tactics,,4,4,3,0.400949,0.421598,0.670138,0,0.000489,0.5,3,0.027327,0
Thriller,Thriller,,4,4,3,0.478754,0.489152,0,1,0.000475,1,6,0.058759,0
Dungeons & Dragons,Dungeons & Dragons,,3,4,3,0.431122,0.449704,0,0,0.000465,1,3,0.038974,0
Voxel,Voxel,,3,4,3,0.470097,0.481755,0,1,0.000461,1,3,0.052073,0
Moddable,Moddable,,4,4,3,0.440104,0.45858,0,0,0.000467,1,6,0.049607,0
Time Attack,Time Attack,,3,3,4,0.43389,0.452416,0,0,0.000458,1,3,0.035804,0
Movie,Movie,,2,2,3,0.450667,0.465483,0,3,0.000546,1,1,0.021924,0
Spectacle fighter,Spectacle fighter,,2,2,4,0.42623,0.444527,0,0,0.000456,1,1,0.022853,0
Inventory Management,Inventory Management,,2,2,4,0.42623,0.444527,0,1,0.000457,1,1,0.022442,0
Intentionally Awkward Controls,Intentionally Awkward Controls,,2,2,3,0.457375,0.470907,0,0,0.000454,1,1,0.02904,0
Perma Death,Perma Death,,2,2,3,0.464286,0.476331,0,0,0.000452,1,1,0.035442,0
Kickstarter,Kickstarter,,2,2,3,0.410693,0.429487,0,1,0.000458,1,1,0.020478,0
"Parody ","Parody ",,2,2,4,0.354298,0.365385,0,0,0.000462,1,1,0.012556,0
Cinematic,Cinematic,,2,2,3,0.453691,0.467949,0,0,0.000466,1,1,0.023072,0
Nonlinear,Nonlinear,,2,2,3,0.450667,0.465483,0,1,0.000457,1,1,0.024109,0
Diplomacy,Diplomacy,,2,2,3,0.39718,0.41568,0,0,0.000478,1,1,0.016907,0
Sailing,Sailing,,2,2,3,0.408706,0.427515,0,0,0.000452,1,1,0.02683,0
Skating,Skating,,2,2,4,0.370614,0.386341,0,0,0.000455,1,1,0.016987,0
Investigation,Investigation,,2,2,3,0.412698,0.43146,0,1,0.000454,1,1,0.023912,0
Mystery Dungeon,Mystery Dungeon,,2,2,3,0.451872,0.466469,0,1,0.000452,1,1,0.032137,0
Music-Based Procedural Generation,Music-Based Procedural Generation,,2,2,3,0.42839,0.446252,0,1,0.000455,1,1,0.023436,0
Epic,Epic,,2,2,3,0.464286,0.476331,0,0,0.000452,1,1,0.035442,0
GameMaker,GameMaker,,2,2,3,0.450667,0.465483,0,1,0.000456,1,1,0.024682,0
Gun Customization,Gun Customization,,2,2,4,0.361884,0.375493,0,0,0.000457,1,1,0.014729,0
Conversation,Conversation,,2,2,3,0.456757,0.470414,0,1,0.000451,1,1,0.03691,0
3D Vision,3D Vision,,2,2,3,0.472727,0.482742,0,1,0.000452,1,1,0.039142,0
Mod,Mod,,2,2,3,0.423029,0.441321,0,0,0.000453,1,1,0.030819,0
2.5D,2.5D,,2,2,3,0.464286,0.476331,0,1,0.000451,1,1,0.037845,0
Blood,Blood,,2,2,3,0.472727,0.482742,0,1,0.000452,1,1,0.039142,0
NSFW,NSFW,,2,2,3,0.392111,0.410256,0,0,0.000503,1,1,0.016858,0
Stylized,Stylized,,2,2,3,0.472727,0.482742,0,1,0.000452,1,1,0.039142,0
Logic,Logic,,2,2,3,0.451872,0.466469,0,1,0.000452,1,1,0.032137,0
